"Tweet id","Tweet permalink","Tweet text","time","impressions","engagements","engagement rate","retweets","replies","likes","user profile clicks","url clicks","hashtag clicks","detail expands","permalink clicks","app opens","app installs","follows","email tweet","dial phone","media views","media engagements","promoted impressions","promoted engagements","promoted engagement rate","promoted retweets","promoted replies","promoted likes","promoted user profile clicks","promoted url clicks","promoted hashtag clicks","promoted detail expands","promoted permalink clicks","promoted app opens","promoted app installs","promoted follows","promoted email tweet","promoted dial phone","promoted media views","promoted media engagements"
"1091095912330551297","https://twitter.com/gerardtieng/status/1091095912330551297","@JonathanBice77 https://t.co/wXF61ipAc5","2019-01-31 22:08 +0000","312.0","1.0","0.003205128205128205","0.0","1.0","0.0","0.0","0.0","0.0","0.0","0.0","0","0","0","0","0","9","0","-","-","-","-","-","-","-","-","-","-","-","-","-","-","-","-","-","-"
"1091057556506722305","https://twitter.com/gerardtieng/status/1091057556506722305","Nobody asked for Cool Ranch Doritos like nobody asked for the second verse of the Friends theme song.","2019-01-31 19:36 +0000","547.0","7.0","0.012797074954296161","0.0","2.0","1.0","2.0","0.0","0.0","2.0","0.0","0","0","0","0","0","0","0","-","-","-","-","-","-","-","-","-","-","-","-","-","-","-","-","-","-"
"1091026622105509888","https://twitter.com/gerardtieng/status/1091026622105509888","@LAValiant @SeoulDynasty @Spitfire üëÅüëÅ","2019-01-31 17:33 +0000","140.0","0.0","0.0","0.0","0.0","0.0","0.0","0.0","0.0","0.0","0.0","0","0","0","0","0","0","0","-","-","-","-","-","-","-","-","-","-","-","-","-","-","-","-","-","-"
"1090784520847220736","https://twitter.com/gerardtieng/status/1090784520847220736","@jennbojones https://t.co/alE3oViCC1","2019-01-31 01:31 +0000","181.0","1.0","0.0055248618784530384","0.0","1.0","0.0","0.0","0.0","0.0","0.0","0.0","0","0","0","0","0","8","0","-","-","-","-","-","-","-","-","-","-","-","-","-","-","-","-","-","-"
"1090783481192501249","https://twitter.com/gerardtieng/status/1090783481192501249","@jennbojones Welcome to #TeamSCUF.","2019-01-31 01:27 +0000","205.0","2.0","0.00975609756097561","0.0","1.0","0.0","1.0","0.0","0.0","0.0","0.0","0","0","0","0","0","0","0","-","-","-","-","-","-","-","-","-","-","-","-","-","-","-","-","-","-"
"1090751964881788928","https://twitter.com/gerardtieng/status/1090751964881788928","Geometry Wars. https://t.co/pkhSGhNH8Y","2019-01-30 23:21 +0000","158.0","1.0","0.006329113924050633","0.0","0.0","1.0","0.0","0.0","0.0","0.0","0.0","0","0","0","0","0","0","0","-","-","-","-","-","-","-","-","-","-","-","-","-","-","-","-","-","-"
"1090691465171402753","https://twitter.com/gerardtieng/status/1090691465171402753","Everyone: Gerard, don't do this to yourself.

Me: https://t.co/WMj8lRnRW1","2019-01-30 19:21 +0000","403.0","1.0","0.0024813895781637717","0.0","1.0","0.0","0.0","0.0","0.0","0.0","0.0","0","0","0","0","0","22","0","-","-","-","-","-","-","-","-","-","-","-","-","-","-","-","-","-","-"
"1090633897707220992","https://twitter.com/gerardtieng/status/1090633897707220992","@nitefangart Nice nice","2019-01-30 15:32 +0000","112.0","0.0","0.0","0.0","0.0","0.0","0.0","0.0","0.0","0.0","0.0","0","0","0","0","0","0","0","-","-","-","-","-","-","-","-","-","-","-","-","-","-","-","-","-","-"
"1090632821188804608","https://twitter.com/gerardtieng/status/1090632821188804608","ok, but legit...see you there!","2019-01-30 15:28 +0000","100.0","2.0","0.02","0.0","0.0","0.0","2.0","0.0","0.0","0.0","0.0","0","0","0","0","0","0","0","-","-","-","-","-","-","-","-","-","-","-","-","-","-","-","-","-","-"
"1090632304173740033","https://twitter.com/gerardtieng/status/1090632304173740033","Join more than 600 social insights leaders from the world's largest brands and agencies at NYK Chicago. Tickets on sale now: https://t.co/8YrjI99xYC https://t.co/E15oCBPNir","2019-01-30 15:26 +0000","194.0","7.0","0.03608247422680412","0.0","1.0","2.0","0.0","2.0","0.0","2.0","0.0","0","0","0","0","0","0","0","-","-","-","-","-","-","-","-","-","-","-","-","-","-","-","-","-","-"
"1090626564457410560","https://twitter.com/gerardtieng/status/1090626564457410560","@hellohappy_time The Man With Two Brains! https://t.co/SepacuiCOG","2019-01-30 15:03 +0000","24.0","0.0","0.0","0.0","0.0","0.0","0.0","0.0","0.0","0.0","0.0","0","0","0","0","0","0","0","-","-","-","-","-","-","-","-","-","-","-","-","-","-","-","-","-","-"
"1090469595654295553","https://twitter.com/gerardtieng/status/1090469595654295553","Turns out I have very deep opinions about pizza (and by deep I mean deep-dish).

üçï 
üçï 
üëá

https://t.co/f4OM7s6wQP","2019-01-30 04:39 +0000","189.0","6.0","0.031746031746031744","0.0","1.0","1.0","2.0","1.0","0.0","1.0","0.0","0","0","0","0","0","0","0","-","-","-","-","-","-","-","-","-","-","-","-","-","-","-","-","-","-"
"1090433098469335040","https://twitter.com/gerardtieng/status/1090433098469335040","How is January almost already over?","2019-01-30 02:14 +0000","162.0","0.0","0.0","0.0","0.0","0.0","0.0","0.0","0.0","0.0","0.0","0","0","0","0","0","0","0","-","-","-","-","-","-","-","-","-","-","-","-","-","-","-","-","-","-"
"1090405900203032576","https://twitter.com/gerardtieng/status/1090405900203032576","@TheOneMES Where are u!","2019-01-30 00:26 +0000","14.0","2.0","0.14285714285714285","0.0","1.0","0.0","0.0","0.0","0.0","1.0","0.0","0","0","0","0","0","0","0","-","-","-","-","-","-","-","-","-","-","-","-","-","-","-","-","-","-"
"1090372512402366466","https://twitter.com/gerardtieng/status/1090372512402366466","WHO TF IS THIS IMPOSTER?","2019-01-29 22:13 +0000","129.0","3.0","0.023255813953488372","0.0","0.0","1.0","1.0","0.0","0.0","1.0","0.0","0","0","0","0","0","0","0","-","-","-","-","-","-","-","-","-","-","-","-","-","-","-","-","-","-"
"1090371755280093184","https://twitter.com/gerardtieng/status/1090371755280093184","Cool Ranch Doritos are just Ranch Doritos. I don't see what's so ""cool"" about it.","2019-01-29 22:10 +0000","150.0","3.0","0.02","0.0","0.0","1.0","0.0","0.0","0.0","2.0","0.0","0","0","0","0","0","0","0","-","-","-","-","-","-","-","-","-","-","-","-","-","-","-","-","-","-"
"1090369480721608706","https://twitter.com/gerardtieng/status/1090369480721608706","Sleepies https://t.co/hvbY8zqSqn","2019-01-29 22:01 +0000","160.0","4.0","0.025","0.0","0.0","2.0","0.0","0.0","0.0","0.0","0.0","0","0","0","0","0","2","2","-","-","-","-","-","-","-","-","-","-","-","-","-","-","-","-","-","-"
"1090326313511075841","https://twitter.com/gerardtieng/status/1090326313511075841","@TheOneMES Spoiler alert: it's not.","2019-01-29 19:10 +0000","22.0","1.0","0.045454545454545456","0.0","1.0","0.0","0.0","0.0","0.0","0.0","0.0","0","0","0","0","0","0","0","-","-","-","-","-","-","-","-","-","-","-","-","-","-","-","-","-","-"
"1090325633744490498","https://twitter.com/gerardtieng/status/1090325633744490498","I had Da Bomb hot sauce and I think I'm going through menopause.","2019-01-29 19:07 +0000","597.0","10.0","0.01675041876046901","0.0","3.0","5.0","1.0","0.0","0.0","1.0","0.0","0","0","0","0","0","0","0","-","-","-","-","-","-","-","-","-","-","-","-","-","-","-","-","-","-"
"1090269898876448775","https://twitter.com/gerardtieng/status/1090269898876448775","@MikeYuan82 But you're forgetting that you have to first put it all in a pile in your living room.","2019-01-29 15:26 +0000","33.0","5.0","0.15151515151515152","0.0","1.0","1.0","0.0","0.0","0.0","3.0","0.0","0","0","0","0","0","0","0","-","-","-","-","-","-","-","-","-","-","-","-","-","-","-","-","-","-"
"1090070476167237632","https://twitter.com/gerardtieng/status/1090070476167237632","Not diarrhea. I got that üí© on lock. https://t.co/lwTUOR3PCS","2019-01-29 02:13 +0000","221.0","2.0","0.00904977375565611","0.0","0.0","2.0","0.0","0.0","0.0","0.0","0.0","0","0","0","0","0","0","0","-","-","-","-","-","-","-","-","-","-","-","-","-","-","-","-","-","-"
"1089937184843534336","https://twitter.com/gerardtieng/status/1089937184843534336","@GavinBigLo Obviously sensitive.","2019-01-28 17:24 +0000","34.0","1.0","0.029411764705882353","0.0","0.0","0.0","0.0","0.0","0.0","1.0","0.0","0","0","0","0","0","0","0","-","-","-","-","-","-","-","-","-","-","-","-","-","-","-","-","-","-"
"1089762293238386689","https://twitter.com/gerardtieng/status/1089762293238386689","üó£ sophitia_scream.wav https://t.co/HgLTvHkZlP","2019-01-28 05:49 +0000","462.0","44.0","0.09523809523809523","0.0","1.0","2.0","0.0","1.0","0.0","3.0","0.0","0","0","0","0","0","37","37","-","-","-","-","-","-","-","-","-","-","-","-","-","-","-","-","-","-"
"1089621742027456513","https://twitter.com/gerardtieng/status/1089621742027456513","@sohoshuffle @PlayOverwatch https://t.co/7lRauP1oo1","2019-01-27 20:30 +0000","199.0","3.0","0.01507537688442211","0.0","0.0","2.0","1.0","0.0","0.0","0.0","0.0","0","0","0","0","0","5","0","-","-","-","-","-","-","-","-","-","-","-","-","-","-","-","-","-","-"
"1089586664455004166","https://twitter.com/gerardtieng/status/1089586664455004166","@JohnAratan @PeterOrrestad *rolls for charisma*","2019-01-27 18:11 +0000","268.0","5.0","0.018656716417910446","0.0","1.0","2.0","0.0","0.0","0.0","2.0","0.0","0","0","0","0","0","0","0","-","-","-","-","-","-","-","-","-","-","-","-","-","-","-","-","-","-"
"1089352440862990336","https://twitter.com/gerardtieng/status/1089352440862990336","@TracyAnnin Omg this kitteh","2019-01-27 02:40 +0000","39.0","1.0","0.02564102564102564","0.0","1.0","0.0","0.0","0.0","0.0","0.0","0.0","0","0","0","0","0","0","0","-","-","-","-","-","-","-","-","-","-","-","-","-","-","-","-","-","-"
"1089305405249998848","https://twitter.com/gerardtieng/status/1089305405249998848","@jennbojones @PatrickAArevalo Hell yea congrats!","2019-01-26 23:33 +0000","120.0","2.0","0.016666666666666666","0.0","1.0","1.0","0.0","0.0","0.0","0.0","0.0","0","0","0","0","0","0","0","-","-","-","-","-","-","-","-","-","-","-","-","-","-","-","-","-","-"
"1089035016242372608","https://twitter.com/gerardtieng/status/1089035016242372608","RT if you totally saw the Ultra Combo Finish Moon.","2019-01-26 05:39 +0000","178.0","1.0","0.0056179775280898875","0.0","0.0","0.0","0.0","0.0","0.0","1.0","0.0","0","0","0","0","0","0","0","-","-","-","-","-","-","-","-","-","-","-","-","-","-","-","-","-","-"
"1089034143147745280","https://twitter.com/gerardtieng/status/1089034143147745280","Bro that rat is wearing a straitjacket https://t.co/cWl6pL2FPN","2019-01-26 05:35 +0000","272.0","4.0","0.014705882352941176","0.0","1.0","2.0","0.0","0.0","0.0","1.0","0.0","0","0","0","0","0","0","0","-","-","-","-","-","-","-","-","-","-","-","-","-","-","-","-","-","-"
"1089033261945360386","https://twitter.com/gerardtieng/status/1089033261945360386","Is there anything more anti-climactic than watching beginners play pool?","2019-01-26 05:32 +0000","169.0","1.0","0.005917159763313609","0.0","0.0","0.0","0.0","0.0","0.0","1.0","0.0","0","0","0","0","0","0","0","-","-","-","-","-","-","-","-","-","-","-","-","-","-","-","-","-","-"
"1089028722068541440","https://twitter.com/gerardtieng/status/1089028722068541440","I still want to eat.","2019-01-26 05:14 +0000","138.0","0.0","0.0","0.0","0.0","0.0","0.0","0.0","0.0","0.0","0.0","0","0","0","0","0","0","0","-","-","-","-","-","-","-","-","-","-","-","-","-","-","-","-","-","-"
"1089004980026134528","https://twitter.com/gerardtieng/status/1089004980026134528","@KylePlantEmoji Here goes nothin‚Äôü§ûü§û

https://t.co/f57pb9cqwa","2019-01-26 03:39 +0000","10.0","0.0","0.0","0.0","0.0","0.0","0.0","0.0","0.0","0.0","0.0","0","0","0","0","0","0","0","-","-","-","-","-","-","-","-","-","-","-","-","-","-","-","-","-","-"
"1088907087449636869","https://twitter.com/gerardtieng/status/1088907087449636869","I ate bugs and it was O-K. https://t.co/tcMblSL5pR","2019-01-25 21:10 +0000","277.0","5.0","0.018050541516245487","0.0","1.0","2.0","0.0","0.0","0.0","2.0","0.0","0","0","0","0","0","13","0","-","-","-","-","-","-","-","-","-","-","-","-","-","-","-","-","-","-"
"1088847558376607744","https://twitter.com/gerardtieng/status/1088847558376607744","@nicepantsdude All bowls are rice bowls and haircut templates if you believe hard enough. ‚úåÔ∏è","2019-01-25 17:14 +0000","45.0","2.0","0.044444444444444446","0.0","0.0","1.0","0.0","0.0","0.0","1.0","0.0","0","0","0","0","0","0","0","-","-","-","-","-","-","-","-","-","-","-","-","-","-","-","-","-","-"
"1088816805018251264","https://twitter.com/gerardtieng/status/1088816805018251264","@GavinBigLo First time I read ""First time I read"" and I thought ""Man, you're faking it really well"" and laughed.","2019-01-25 15:12 +0000","43.0","3.0","0.06976744186046512","0.0","0.0","1.0","0.0","0.0","0.0","2.0","0.0","0","0","0","0","0","0","0","-","-","-","-","-","-","-","-","-","-","-","-","-","-","-","-","-","-"
"1088815570668142594","https://twitter.com/gerardtieng/status/1088815570668142594","I'm am idiot but extra so for not already knowing the origin of the word podcast. https://t.co/u28rZg1geK","2019-01-25 15:07 +0000","315.0","14.0","0.044444444444444446","0.0","1.0","1.0","2.0","0.0","0.0","1.0","0.0","0","0","0","0","0","9","9","-","-","-","-","-","-","-","-","-","-","-","-","-","-","-","-","-","-"
"1088669922685845504","https://twitter.com/gerardtieng/status/1088669922685845504","Closing time... https://t.co/mzv6lKTl9U","2019-01-25 05:28 +0000","251.0","11.0","0.043824701195219126","0.0","0.0","5.0","0.0","0.0","0.0","6.0","0.0","0","0","0","0","0","0","0","-","-","-","-","-","-","-","-","-","-","-","-","-","-","-","-","-","-"
"1088597001602846720","https://twitter.com/gerardtieng/status/1088597001602846720","This whole eating-pizza-without-shame thing isn‚Äôt really my aesthetic.","2019-01-25 00:38 +0000","213.0","10.0","0.046948356807511735","0.0","1.0","3.0","2.0","0.0","0.0","4.0","0.0","0","0","0","0","0","0","0","-","-","-","-","-","-","-","-","-","-","-","-","-","-","-","-","-","-"
"1088502266791948288","https://twitter.com/gerardtieng/status/1088502266791948288","@getFANDOM Quite helpful.","2019-01-24 18:22 +0000","599.0","2.0","0.00333889816360601","0.0","0.0","0.0","0.0","0.0","0.0","2.0","0.0","0","0","0","0","0","0","0","-","-","-","-","-","-","-","-","-","-","-","-","-","-","-","-","-","-"
"1087494581439086592","https://twitter.com/gerardtieng/status/1087494581439086592","@JonathanBice77 https://t.co/D6exlspXDb","2019-01-21 23:38 +0000","199.0","5.0","0.02512562814070352","0.0","0.0","0.0","0.0","0.0","0.0","1.0","0.0","0","0","0","0","0","4","4","-","-","-","-","-","-","-","-","-","-","-","-","-","-","-","-","-","-"
"1087234026304360449","https://twitter.com/gerardtieng/status/1087234026304360449","@sohoshuffle Killed it.","2019-01-21 06:22 +0000","59.0","2.0","0.03389830508474576","0.0","0.0","1.0","0.0","0.0","0.0","1.0","0.0","0","0","0","0","0","0","0","-","-","-","-","-","-","-","-","-","-","-","-","-","-","-","-","-","-"
"1087231253110312966","https://twitter.com/gerardtieng/status/1087231253110312966","Based on a true story. https://t.co/swVgsppZGu","2019-01-21 06:11 +0000","293.0","39.0","0.13310580204778158","0.0","1.0","3.0","3.0","0.0","0.0","7.0","0.0","0","0","0","0","0","25","25","-","-","-","-","-","-","-","-","-","-","-","-","-","-","-","-","-","-"
"1087035316110876673","https://twitter.com/gerardtieng/status/1087035316110876673","üéÇüéÇüéÇ https://t.co/fMvJjsJld7","2019-01-20 17:13 +0000","295.0","44.0","0.14915254237288136","0.0","1.0","3.0","3.0","1.0","0.0","12.0","0.0","0","0","0","0","0","24","24","-","-","-","-","-","-","-","-","-","-","-","-","-","-","-","-","-","-"
"1086456681725378562","https://twitter.com/gerardtieng/status/1086456681725378562","@oldfilmsflicker Chorizo.
Breakfast.
Burrito.","2019-01-19 02:53 +0000","309.0","6.0","0.019417475728155338","0.0","1.0","5.0","0.0","0.0","0.0","0.0","0.0","0","0","0","0","0","0","0","-","-","-","-","-","-","-","-","-","-","-","-","-","-","-","-","-","-"
"1086354950396018688","https://twitter.com/gerardtieng/status/1086354950396018688","Happy early birthday to me! https://t.co/MC8S1PSowW","2019-01-18 20:09 +0000","334.0","5.0","0.014970059880239521","0.0","0.0","3.0","0.0","0.0","0.0","1.0","0.0","0","0","0","0","0","27","1","-","-","-","-","-","-","-","-","-","-","-","-","-","-","-","-","-","-"
"1086328216418115584","https://twitter.com/gerardtieng/status/1086328216418115584","@ajMatthysse SnAaaaaake https://t.co/FsYMR0I3eV","2019-01-18 18:23 +0000","181.0","1.0","0.0055248618784530384","0.0","0.0","0.0","0.0","0.0","0.0","1.0","0.0","0","0","0","0","0","13","0","-","-","-","-","-","-","-","-","-","-","-","-","-","-","-","-","-","-"
"1085720180511199232","https://twitter.com/gerardtieng/status/1085720180511199232","@GavinBigLo https://t.co/2QJOv30ALV","2019-01-17 02:07 +0000","40.0","3.0","0.075","0.0","0.0","0.0","0.0","0.0","0.0","1.0","0.0","0","0","0","0","0","2","2","-","-","-","-","-","-","-","-","-","-","-","-","-","-","-","-","-","-"
"1084884699347070977","https://twitter.com/gerardtieng/status/1084884699347070977","I am totally crushing it in 2019. https://t.co/0yKgg7JzLA","2019-01-14 18:47 +0000","273.0","33.0","0.12087912087912088","0.0","0.0","9.0","2.0","1.0","0.0","6.0","0.0","0","0","0","0","0","15","15","-","-","-","-","-","-","-","-","-","-","-","-","-","-","-","-","-","-"
"1084853791030198272","https://twitter.com/gerardtieng/status/1084853791030198272","@PeterOrrestad She‚Äôs beautiful.","2019-01-14 16:44 +0000","35.0","3.0","0.08571428571428572","0.0","0.0","2.0","0.0","0.0","0.0","1.0","0.0","0","0","0","0","0","0","0","-","-","-","-","-","-","-","-","-","-","-","-","-","-","-","-","-","-"
"1084676776729694209","https://twitter.com/gerardtieng/status/1084676776729694209","The best #MondayMotivation. https://t.co/NnZ504MAI2","2019-01-14 05:01 +0000","702.0","57.0","0.0811965811965812","1.0","1.0","4.0","2.0","0.0","0.0","6.0","0.0","0","0","0","0","0","43","43","-","-","-","-","-","-","-","-","-","-","-","-","-","-","-","-","-","-"
"1084668499337904128","https://twitter.com/gerardtieng/status/1084668499337904128","@JohnAratan https://t.co/bvprymzk6j","2019-01-14 04:28 +0000","256.0","2.0","0.0078125","0.0","1.0","1.0","0.0","0.0","0.0","0.0","0.0","0","0","0","0","0","4","0","-","-","-","-","-","-","-","-","-","-","-","-","-","-","-","-","-","-"
"1084627032552681472","https://twitter.com/gerardtieng/status/1084627032552681472","Livin my best life. #2009to2019 https://t.co/VnWUZ0rLIo","2019-01-14 01:43 +0000","254.0","48.0","0.1889763779527559","0.0","0.0","2.0","0.0","0.0","0.0","9.0","0.0","0","0","0","0","0","37","37","-","-","-","-","-","-","-","-","-","-","-","-","-","-","-","-","-","-"
"1084268033227534336","https://twitter.com/gerardtieng/status/1084268033227534336","True but also Mario and Mega Man. https://t.co/vz8uIucLh2","2019-01-13 01:56 +0000","207.0","0.0","0.0","0.0","0.0","0.0","0.0","0.0","0.0","0.0","0.0","0","0","0","0","0","0","0","-","-","-","-","-","-","-","-","-","-","-","-","-","-","-","-","-","-"
"1084225899812122624","https://twitter.com/gerardtieng/status/1084225899812122624","Marina is the Deanna of The Next Generation https://t.co/TF7Ov6QRp2","2019-01-12 23:09 +0000","147.0","1.0","0.006802721088435374","0.0","0.0","0.0","1.0","0.0","0.0","0.0","0.0","0","0","0","0","0","0","0","-","-","-","-","-","-","-","-","-","-","-","-","-","-","-","-","-","-"
"1084200989337501696","https://twitter.com/gerardtieng/status/1084200989337501696","@Katatoniq No snitching.","2019-01-12 21:30 +0000","51.0","0.0","0.0","0.0","0.0","0.0","0.0","0.0","0.0","0.0","0.0","0","0","0","0","0","0","0","-","-","-","-","-","-","-","-","-","-","-","-","-","-","-","-","-","-"
"1084186956966363137","https://twitter.com/gerardtieng/status/1084186956966363137","This guy has seen some things. https://t.co/Ux9xSgWeEC","2019-01-12 20:34 +0000","295.0","17.0","0.0576271186440678","0.0","2.0","1.0","0.0","0.0","0.0","1.0","0.0","0","0","0","0","0","13","13","-","-","-","-","-","-","-","-","-","-","-","-","-","-","-","-","-","-"
"1084118816123219968","https://twitter.com/gerardtieng/status/1084118816123219968","All of them can go, actually. https://t.co/QGseBfnLYm","2019-01-12 16:04 +0000","158.0","3.0","0.0189873417721519","0.0","0.0","1.0","0.0","0.0","0.0","2.0","0.0","0","0","0","0","0","0","0","-","-","-","-","-","-","-","-","-","-","-","-","-","-","-","-","-","-"
"1083844827010224134","https://twitter.com/gerardtieng/status/1083844827010224134","@_BrendanLloyd It‚Äôs good","2019-01-11 21:55 +0000","19.0","0.0","0.0","0.0","0.0","0.0","0.0","0.0","0.0","0.0","0.0","0","0","0","0","0","0","0","-","-","-","-","-","-","-","-","-","-","-","-","-","-","-","-","-","-"
"1083783906397224960","https://twitter.com/gerardtieng/status/1083783906397224960","@PatrickAArevalo Act like you‚Äôve been here before. https://t.co/CGqSNecHs5","2019-01-11 17:53 +0000","170.0","7.0","0.041176470588235294","0.0","1.0","1.0","0.0","1.0","0.0","0.0","0.0","0","0","0","0","0","4","4","-","-","-","-","-","-","-","-","-","-","-","-","-","-","-","-","-","-"
"1083776396059701250","https://twitter.com/gerardtieng/status/1083776396059701250","I‚Äôm sorry I couldn‚Äôt save you, @ajMatthysse. https://t.co/Sx09TxVAEt","2019-01-11 17:23 +0000","290.0","4.0","0.013793103448275862","0.0","0.0","1.0","1.0","0.0","0.0","1.0","0.0","0","0","0","0","0","16","1","-","-","-","-","-","-","-","-","-","-","-","-","-","-","-","-","-","-"
"1083774216237969408","https://twitter.com/gerardtieng/status/1083774216237969408","Guess who‚Äôs back. https://t.co/d7u6WALzCk","2019-01-11 17:14 +0000","473.0","42.0","0.08879492600422834","0.0","2.0","2.0","0.0","1.0","0.0","12.0","0.0","0","0","0","0","0","25","25","-","-","-","-","-","-","-","-","-","-","-","-","-","-","-","-","-","-"
"1083574194800156672","https://twitter.com/gerardtieng/status/1083574194800156672","@ayobrobro I hate those guys so much.","2019-01-11 03:59 +0000","151.0","1.0","0.006622516556291391","0.0","0.0","1.0","0.0","0.0","0.0","0.0","0.0","0","0","0","0","0","0","0","-","-","-","-","-","-","-","-","-","-","-","-","-","-","-","-","-","-"
"1083502983776735232","https://twitter.com/gerardtieng/status/1083502983776735232","I am a pumpkin. https://t.co/FWab0gXnnH","2019-01-10 23:16 +0000","149.0","0.0","0.0","0.0","0.0","0.0","0.0","0.0","0.0","0.0","0.0","0","0","0","0","0","0","0","-","-","-","-","-","-","-","-","-","-","-","-","-","-","-","-","-","-"
"1083501646976598016","https://twitter.com/gerardtieng/status/1083501646976598016","@ericwilborn I said ‚Äúmoist‚Äù, not ‚Äúsludge.‚Äù","2019-01-10 23:11 +0000","18.0","0.0","0.0","0.0","0.0","0.0","0.0","0.0","0.0","0.0","0.0","0","0","0","0","0","0","0","-","-","-","-","-","-","-","-","-","-","-","-","-","-","-","-","-","-"
"1083453971577090048","https://twitter.com/gerardtieng/status/1083453971577090048","@TEDTalks Like this: https://t.co/a0KL99TmUu","2019-01-10 20:02 +0000","433.0","6.0","0.013856812933025405","0.0","0.0","0.0","0.0","0.0","0.0","1.0","0.0","0","0","0","0","0","18","5","-","-","-","-","-","-","-","-","-","-","-","-","-","-","-","-","-","-"
"1083433933419753473","https://twitter.com/gerardtieng/status/1083433933419753473","üòçüòçüòç https://t.co/5su3Kej1zc","2019-01-10 18:42 +0000","140.0","4.0","0.02857142857142857","0.0","0.0","2.0","0.0","0.0","0.0","2.0","0.0","0","0","0","0","0","0","0","-","-","-","-","-","-","-","-","-","-","-","-","-","-","-","-","-","-"
"1083423472930439168","https://twitter.com/gerardtieng/status/1083423472930439168","Me, after eating Taco Bell two days in a row: https://t.co/kxHOv9B4l0","2019-01-10 18:00 +0000","565.0","26.0","0.04601769911504425","0.0","1.0","6.0","0.0","0.0","0.0","12.0","0.0","0","0","0","0","0","62","7","-","-","-","-","-","-","-","-","-","-","-","-","-","-","-","-","-","-"
"1083401802194866176","https://twitter.com/gerardtieng/status/1083401802194866176","@ajMatthysse Welcome to my party. https://t.co/bz9hlIYock","2019-01-10 16:34 +0000","176.0","3.0","0.017045454545454544","0.0","0.0","1.0","0.0","0.0","0.0","2.0","0.0","0","0","0","0","0","6","0","-","-","-","-","-","-","-","-","-","-","-","-","-","-","-","-","-","-"
"1083399782046072837","https://twitter.com/gerardtieng/status/1083399782046072837","HR has informed me I have created a hostile working environment.","2019-01-10 16:26 +0000","344.0","10.0","0.029069767441860465","0.0","2.0","3.0","1.0","0.0","0.0","4.0","0.0","0","0","0","0","0","0","0","-","-","-","-","-","-","-","-","-","-","-","-","-","-","-","-","-","-"
"1083399371469787137","https://twitter.com/gerardtieng/status/1083399371469787137","Banksy who?? https://t.co/0RpPzY1jjp","2019-01-10 16:25 +0000","483.0","26.0","0.053830227743271224","0.0","1.0","1.0","0.0","2.0","0.0","5.0","0.0","0","0","0","0","0","17","17","-","-","-","-","-","-","-","-","-","-","-","-","-","-","-","-","-","-"
"1083398214294872064","https://twitter.com/gerardtieng/status/1083398214294872064","@ajMatthysse I‚Äôll bring the NCD.","2019-01-10 16:20 +0000","169.0","2.0","0.011834319526627219","0.0","1.0","1.0","0.0","0.0","0.0","0.0","0.0","0","0","0","0","0","0","0","-","-","-","-","-","-","-","-","-","-","-","-","-","-","-","-","-","-"
"1082795880116297728","https://twitter.com/gerardtieng/status/1082795880116297728","@oldfilmsflicker Life on Mars?","2019-01-09 00:27 +0000","23.0","0.0","0.0","0.0","0.0","0.0","0.0","0.0","0.0","0.0","0.0","0","0","0","0","0","0","0","-","-","-","-","-","-","-","-","-","-","-","-","-","-","-","-","-","-"
"1082570649132969984","https://twitter.com/gerardtieng/status/1082570649132969984","Not sure if this is a piece of onion I‚Äôm chewing on or part of the burger wrapper. ü§∑‚Äç‚ôÇÔ∏è https://t.co/xshZciRrRC","2019-01-08 09:32 +0000","499.0","5.0","0.01002004008016032","0.0","1.0","1.0","0.0","0.0","0.0","0.0","0.0","0","0","0","0","0","30","3","-","-","-","-","-","-","-","-","-","-","-","-","-","-","-","-","-","-"
"1082489945611104256","https://twitter.com/gerardtieng/status/1082489945611104256","@PSN_ElectricDC I could read these forever. ‚úåÔ∏è","2019-01-08 04:11 +0000","250.0","5.0","0.02","0.0","1.0","1.0","0.0","0.0","0.0","3.0","0.0","0","0","0","0","0","0","0","-","-","-","-","-","-","-","-","-","-","-","-","-","-","-","-","-","-"
"1082139112084140033","https://twitter.com/gerardtieng/status/1082139112084140033","@TracyAnnin Lol my English is all over the place today.","2019-01-07 04:57 +0000","47.0","1.0","0.02127659574468085","0.0","0.0","1.0","0.0","0.0","0.0","0.0","0.0","0","0","0","0","0","0","0","-","-","-","-","-","-","-","-","-","-","-","-","-","-","-","-","-","-"
"1082138990516436993","https://twitter.com/gerardtieng/status/1082138990516436993","@TracyAnnin I thought this started tomorrow!","2019-01-07 04:56 +0000","36.0","4.0","0.1111111111111111","0.0","1.0","1.0","0.0","0.0","0.0","2.0","0.0","0","0","0","0","0","0","0","-","-","-","-","-","-","-","-","-","-","-","-","-","-","-","-","-","-"
"1082128376230334464","https://twitter.com/gerardtieng/status/1082128376230334464","@TracyAnnin We‚Äôll stab me in the head! I meed@to watch this NOW","2019-01-07 04:14 +0000","48.0","2.0","0.041666666666666664","0.0","1.0","1.0","0.0","0.0","0.0","0.0","0.0","0","0","0","0","0","0","0","-","-","-","-","-","-","-","-","-","-","-","-","-","-","-","-","-","-"
"1081959664449839105","https://twitter.com/gerardtieng/status/1081959664449839105","@JohnAratan Vanilla in the streets,
Cinnamon in the sheets. https://t.co/HUkhy4u0yZ","2019-01-06 17:04 +0000","63.0","7.0","0.1111111111111111","0.0","0.0","1.0","0.0","0.0","0.0","2.0","0.0","0","0","0","0","0","4","4","-","-","-","-","-","-","-","-","-","-","-","-","-","-","-","-","-","-"
"1081763598819418112","https://twitter.com/gerardtieng/status/1081763598819418112","Dan in Real Life https://t.co/RHlbj5DFa9","2019-01-06 04:05 +0000","245.0","5.0","0.02040816326530612","0.0","0.0","2.0","0.0","0.0","0.0","3.0","0.0","0","0","0","0","0","0","0","-","-","-","-","-","-","-","-","-","-","-","-","-","-","-","-","-","-"
"1081725162834223104","https://twitter.com/gerardtieng/status/1081725162834223104","Forgive me Father, for I have carbed. https://t.co/IHdfQWeMbU","2019-01-06 01:32 +0000","288.0","27.0","0.09375","0.0","1.0","3.0","0.0","0.0","0.0","5.0","0.0","0","0","0","0","0","18","18","-","-","-","-","-","-","-","-","-","-","-","-","-","-","-","-","-","-"
"1081649056542121985","https://twitter.com/gerardtieng/status/1081649056542121985","@JohnAratan Oh you wanna SMASH SMASH. https://t.co/XEkaxHAU0w","2019-01-05 20:30 +0000","188.0","8.0","0.0425531914893617","1.0","1.0","2.0","0.0","0.0","0.0","4.0","0.0","0","0","0","0","0","17","0","-","-","-","-","-","-","-","-","-","-","-","-","-","-","-","-","-","-"
"1081646914095837185","https://twitter.com/gerardtieng/status/1081646914095837185","It‚Äôs been... https://t.co/42kH5z1pXo","2019-01-05 20:21 +0000","176.0","1.0","0.005681818181818182","0.0","0.0","1.0","0.0","0.0","0.0","0.0","0.0","0","0","0","0","0","0","0","-","-","-","-","-","-","-","-","-","-","-","-","-","-","-","-","-","-"
"1081006363600273410","https://twitter.com/gerardtieng/status/1081006363600273410","@JohnAratan @PeterOrrestad https://t.co/1OiJfmyPIg","2019-01-04 01:56 +0000","670.0","9.0","0.013432835820895522","0.0","1.0","2.0","0.0","0.0","0.0","5.0","0.0","0","0","0","0","0","10","1","-","-","-","-","-","-","-","-","-","-","-","-","-","-","-","-","-","-"
"1080573669288509440","https://twitter.com/gerardtieng/status/1080573669288509440","@PatrickAArevalo ‚ÄúIt‚Äôs like Wag, but for babies.‚Äù https://t.co/iANui0gPrC","2019-01-02 21:16 +0000","232.0","5.0","0.021551724137931036","0.0","1.0","1.0","0.0","0.0","0.0","0.0","0.0","0","0","0","0","0","14","3","-","-","-","-","-","-","-","-","-","-","-","-","-","-","-","-","-","-"
"1080570823038033920","https://twitter.com/gerardtieng/status/1080570823038033920","2020 advice: Feed your kid dog food.

https://t.co/bF0Fz5kiMN","2019-01-02 21:05 +0000","447.0","14.0","0.03131991051454139","0.0","1.0","3.0","3.0","2.0","0.0","5.0","0.0","0","0","0","0","0","0","0","-","-","-","-","-","-","-","-","-","-","-","-","-","-","-","-","-","-"
"1080185448922640384","https://twitter.com/gerardtieng/status/1080185448922640384","@PatrickAArevalo @porkweasely https://t.co/ugVtujcdtd","2019-01-01 19:34 +0000","379.0","3.0","0.0079155672823219","0.0","0.0","0.0","1.0","0.0","0.0","0.0","0.0","0","0","0","0","0","5","2","-","-","-","-","-","-","-","-","-","-","-","-","-","-","-","-","-","-"
"1080181742093266944","https://twitter.com/gerardtieng/status/1080181742093266944","@GavinBigLo Current status: https://t.co/onsjmujJCa","2019-01-01 19:19 +0000","58.0","14.0","0.2413793103448276","0.0","0.0","1.0","0.0","0.0","0.0","2.0","0.0","0","0","0","0","0","11","11","-","-","-","-","-","-","-","-","-","-","-","-","-","-","-","-","-","-"
"1080175781370781696","https://twitter.com/gerardtieng/status/1080175781370781696","üëà 100% engagement rate. #socialgoals https://t.co/hVH52Rru9p","2019-01-01 18:55 +0000","539.0","18.0","0.03339517625231911","0.0","1.0","4.0","4.0","0.0","0.0","9.0","0.0","0","0","0","0","0","0","0","-","-","-","-","-","-","-","-","-","-","-","-","-","-","-","-","-","-"
"1080167766206775296","https://twitter.com/gerardtieng/status/1080167766206775296","@JohnTieng https://t.co/2VSzZt6J8Z","2019-01-01 18:23 +0000","183.0","3.0","0.01639344262295082","0.0","0.0","1.0","0.0","0.0","0.0","1.0","0.0","0","0","0","0","0","12","1","-","-","-","-","-","-","-","-","-","-","-","-","-","-","-","-","-","-"
"1080148838910910464","https://twitter.com/gerardtieng/status/1080148838910910464","@Neoernie https://t.co/Tabc1JQ1y6","2019-01-01 17:08 +0000","214.0","1.0","0.004672897196261682","0.0","0.0","0.0","0.0","0.0","0.0","1.0","0.0","0","0","0","0","0","4","0","-","-","-","-","-","-","-","-","-","-","-","-","-","-","-","-","-","-"
"1080130644397613056","https://twitter.com/gerardtieng/status/1080130644397613056","@THEKyleMoffatt Lol I can hear it","2019-01-01 15:56 +0000","184.0","1.0","0.005434782608695652","0.0","0.0","1.0","0.0","0.0","0.0","0.0","0.0","0","0","0","0","0","0","0","-","-","-","-","-","-","-","-","-","-","-","-","-","-","-","-","-","-"
"1080129965893476358","https://twitter.com/gerardtieng/status/1080129965893476358","@TheJeremyPoore https://t.co/TyHuw2WnMo","2019-01-01 15:53 +0000","208.0","3.0","0.014423076923076924","0.0","0.0","1.0","0.0","0.0","0.0","2.0","0.0","0","0","0","0","0","13","0","-","-","-","-","-","-","-","-","-","-","-","-","-","-","-","-","-","-"
"1080022929281232896","https://twitter.com/gerardtieng/status/1080022929281232896","@JohnAratan https://t.co/gt16HFqLL8","2019-01-01 08:48 +0000","287.0","3.0","0.010452961672473868","0.0","0.0","1.0","0.0","0.0","0.0","1.0","0.0","0","0","0","0","0","15","1","-","-","-","-","-","-","-","-","-","-","-","-","-","-","-","-","-","-"
"1080021298900742146","https://twitter.com/gerardtieng/status/1080021298900742146","@PeterOrrestad https://t.co/0QgE4J0zHr","2019-01-01 08:41 +0000","657.0","6.0","0.0091324200913242","0.0","1.0","0.0","0.0","0.0","0.0","2.0","0.0","0","0","0","0","0","14","3","-","-","-","-","-","-","-","-","-","-","-","-","-","-","-","-","-","-"
"1080020837682446336","https://twitter.com/gerardtieng/status/1080020837682446336","üíç‚úîÔ∏è","2019-01-01 08:40 +0000","2342.0","129.0","0.055081127241673786","0.0","12.0","22.0","51.0","0.0","0.0","44.0","0.0","0","0","0","0","0","0","0","-","-","-","-","-","-","-","-","-","-","-","-","-","-","-","-","-","-"
"1079949626550046720","https://twitter.com/gerardtieng/status/1079949626550046720","@noelvpascual I believe...","2019-01-01 03:57 +0000","57.0","5.0","0.08771929824561403","0.0","0.0","1.0","0.0","0.0","0.0","4.0","0.0","0","0","0","0","0","0","0","-","-","-","-","-","-","-","-","-","-","-","-","-","-","-","-","-","-"
"1079948112364335106","https://twitter.com/gerardtieng/status/1079948112364335106","So important we made it into a single word.","2019-01-01 03:51 +0000","184.0","4.0","0.021739130434782608","0.0","0.0","0.0","0.0","0.0","0.0","4.0","0.0","0","0","0","0","0","0","0","-","-","-","-","-","-","-","-","-","-","-","-","-","-","-","-","-","-"
"1079945716095541248","https://twitter.com/gerardtieng/status/1079945716095541248","It‚Äôs almost 2019.

Also...remember Zwan??","2019-01-01 03:41 +0000","232.0","10.0","0.04310344827586207","0.0","1.0","2.0","4.0","0.0","0.0","3.0","0.0","0","0","0","0","0","0","0","-","-","-","-","-","-","-","-","-","-","-","-","-","-","-","-","-","-"
"1079924400957222914","https://twitter.com/gerardtieng/status/1079924400957222914","Some of my favorite Tagalog words, a thread:

Sawsawan; dipping sauce","2019-01-01 02:16 +0000","238.0","5.0","0.02100840336134454","0.0","1.0","1.0","0.0","0.0","0.0","3.0","0.0","0","0","0","0","0","0","0","-","-","-","-","-","-","-","-","-","-","-","-","-","-","-","-","-","-"
"1079903744165203968","https://twitter.com/gerardtieng/status/1079903744165203968","@PatrickAArevalo Kekeke","2019-01-01 00:54 +0000","54.0","1.0","0.018518518518518517","0.0","0.0","1.0","0.0","0.0","0.0","0.0","0.0","0","0","0","0","0","0","0","-","-","-","-","-","-","-","-","-","-","-","-","-","-","-","-","-","-"
